{
  "real_data_validation": "CONFIRMED",
  "final_learned_loss": 6.214998400137144,
  "final_traditional_loss": 6.215023044088994,
  "improvement_percent": 0.0003965222924363252,
  "compression_ratio": 8.0,
  "vocab_size": 500,
  "text_length": 50000,
  "sequences_trained": 1000,
  "learned_losses": [
    6.214342454453929,
    6.213850924059727,
    6.213491381690399,
    6.212839815565085,
    6.212060652131656,
    6.212196746131017,
    6.211968157657188,
    6.211756654465835,
    6.2122685288673685,
    6.213275722197922,
    6.213080329270537,
    6.212685091204598,
    6.212614042509272,
    6.21314671790928,
    6.212894006749663,
    6.212122988569083,
    6.212643206473828,
    6.213278513689779,
    6.214122836726794,
    6.214998400137144
  ],
  "traditional_losses": [
    6.214992806428776,
    6.214953269984542,
    6.214966352734222,
    6.214916598213947,
    6.214971782823434,
    6.215049891580146,
    6.215349901764121,
    6.215418595669302,
    6.2154032482027075,
    6.215413873416368,
    6.215490043395734,
    6.215604824008975,
    6.215604284238199,
    6.2154130492959165,
    6.215393545352864,
    6.215199114734998,
    6.215045959831126,
    6.21509427027477,
    6.215202775742605,
    6.215023044088994
  ],
  "timestamp": 1754112571.8660586
}